machine;ondemand;preemptible;1yrcommit;3yrcommit
e2-cpu;0.024013;0.007204;0.015128;0.010806
e2-ram;0.003218;0.000965;0.002027;0.001448
n2-cpu;0.0347721;0.00842;0.021925;0.015661
n2-ram;0.0046607;0.00113;0.002938;0.002099
n2d-cpu;0.030278;0.007325;0.019075;0.013625
n2d-ram;0.004058;0.000987;0.002556;0.001826
n1-cpu;0.0347721;0.007325;0.021925;0.015661
n1-ram;0.0046607;0.000987;0.002938;0.002099
c2-cpu;0.03741;0.00905;0.02357;0.01495
c2-ram;0.00501;0.00122;0.00316;0.002